timestamp,arbitration_id,is_extended_id,is_fd,bitrate_switch,is_error_frame,is_remote_frame,dlc,data
1787839203.108521,0xA5,0,1,1,0,0,16,20e0020000000a990000000000000000
1787839203.108855,0x272,0,1,1,0,0,8,0000e08700001efe
1787839203.109023,0x30B,0,1,1,0,0,8,0065000018000010
1787839203.109180,0x30B,0,1,1,0,0,8,0066000018000010
1787839203.109329,0x365,0,1,1,0,0,8,a4040000000f94fe
1787839203.109478,0x365,0,1,1,0,0,8,a4040000000f94fe
1787839203.109583,0x3C0,0,1,1,0,0,4,31020300
1787839203.109731,0x3D5,0,1,1,0,0,8,6cc1400084000000
1787839203.109878,0x3D5,0,1,1,0,0,8,adc2400084000000
1787839203.110025,0x3D6,0,1,1,0,0,8,1200000000000100
1787839203.110173,0x3E5,0,1,1,0,0,8,23142a00000c0000
1787839203.110320,0x37B,0,1,1,0,0,8,0000000008010c00
1787839203.110465,0x3E5,0,1,1,0,0,8,62152a00000c0000
1787839203.110612,0x421,0,1,1,0,0,8,ad6f006001000000
1787839203.110794,0x421,0,1,1,0,0,8,d360006001000000
1787839203.110979,0x48B,0,1,1,0,0,8,97837ea000800303
1787839203.111189,0x12DD54D6,1,1,1,0,0,8,1f54800100000000
1787839203.111319,0x16A954FD,1,1,1,0,0,3,900800
1787839203.111498,0x1A5555AC,1,1,1,0,0,8,007b423e403ef111
1787839203.111735,0xA5,0,1,1,0,0,16,20c3030000000a990000000000000000
1787839203.111971,0xA5,0,1,1,0,0,16,2037040000000a9a0000000000000000
1787839203.112237,0xA5,0,1,1,0,0,16,2014050000000a9a0000000000000000
1787839203.112466,0x1A5555AC,1,1,1,0,0,8,007e423e403ef111
1787839203.112699,0xA5,0,1,1,0,0,16,2071060000000a9a0000000000000000
1787839203.112928,0xA5,0,1,1,0,0,16,2052070000000a9a0000000000000000
1787839203.113177,0xA5,0,1,1,0,0,16,208c080000000a9a0000000000000000
1787839203.113322,0x3D5,0,1,1,0,0,8,6bcf400084000000
1787839203.113463,0x421,0,1,1,0,0,8,d867006001000000
1787839203.113632,0x1A5555AC,1,1,1,0,0,8,0081423e403ef111
1787839203.113858,0xA5,0,1,1,0,0,16,20af090000000a9a0000000000000000
1787839203.114082,0xA5,0,1,1,0,0,16,20ca0a0000000a9a0000000000000000
1787839203.114319,0xA5,0,1,1,0,0,16,20e90b0000000a9a0000000000000000
1787839203.114580,0x12DD54D6,1,1,1,0,0,8,f652800100000000
1787839203.114772,0x1A5555AC,1,1,1,0,0,8,0084423e403ef111
1787839203.155868,0x12DD5496,1,1,1,0,0,24,000000000000000000000000000000000000000000000000
1787839203.216400,0x12DD5572,1,1,1,0,0,32,ff0d00000010011e010000000008000000000000000000000000000000000000
1787839204.670432,0x17332600,1,1,1,0,0,2,1982
